gameweek,date,home_team,away_team
6,10/10/2026,Arsenal,Leeds
6,10/10/2026,Aston Villa,Brentford
6,10/10/2026,Chelsea,Bournemouth
6,10/10/2026,Sunderland,Brighton
6,10/10/2026,Ipswich,Fulham
6,10/10/2026,Man United,Tottenham
6,11/10/2026,Crystal Palace,Nott'm Forest
6,11/10/2026,Hull,Everton
6,11/10/2026,Liverpool,Man City
6,12/10/2026,Coventry,Newcastle
4,12/9/2026,Aston Villa,Nott'm Forest
4,12/9/2026,Bournemouth,Brentford
4,12/9/2026,Chelsea,Hull
4,12/9/2026,Crystal Palace,Ipswich
4,12/9/2026,Liverpool,Fulham
4,12/9/2026,Tottenham,Everton
4,12/9/2026,Sunderland,Arsenal
4,13/9/2026,Coventry,Brighton
4,13/9/2026,Man United,Man City
4,14/9/2026,Leeds,Newcastle
5,18/9/2026,Brentford,Chelsea
5,19/9/2026,Tottenham,Aston Villa
5,19/9/2026,Brighton,Arsenal
5,19/9/2026,Everton,Ipswich
5,19/9/2026,Newcastle,Hull
5,19/9/2026,Nott'm Forest,Coventry
5,20/9/2026,Bournemouth,Liverpool
5,20/9/2026,Leeds,Crystal Palace
5,20/9/2026,Man City,Sunderland
5,20/9/2026,Fulham,Man United
